{"name":"Bharat Darshan","short_name":"Bharat Darshan","description":"Discover India's heritage with curated travel experiences","start_url":"/Bharat-Darshan/signin.html","id":"com.bharatdarshan.app","scope":"https://ravichaudhary9580.github.io/Bharat-Darshan/","display":"standalone","orientation":"portrait-primary","background_color":"#ffffff","theme_color":"#16a34a","lang":"en","categories":["travel","lifestyle"],"launch_handler":{"client_mode":"focus-existing"},"shortcuts":[{"name":"Book Trip","short_name":"Book","description":"Book a new trip","url":"https://ravichaudhary9580.github.io/Bharat-Darshan/index.html#booking","icons":[{"src":"icon-192.png","sizes":"192x192"}]},{"name":"Explore Trips","short_name":"Explore","description":"Browse available trips","url":"https://ravichaudhary9580.github.io/Bharat-Darshan/exploretrip.html","icons":[{"src":"icon-192.png","sizes":"192x192"}]},{"name":"Dashboard","short_name":"Dashboard","description":"View your bookings","url":"https://ravichaudhary9580.github.io/Bharat-Darshan/dashboard.html","icons":[{"src":"icon-192.png","sizes":"192x192"}]}],"icons":[{"src":"icon-192.png","sizes":"192x192","type":"image/png","purpose":"any maskable"},{"src":"icon-512.png","sizes":"512x512","type":"image/png","purpose":"any maskable"}],"serviceworker":{"src":"sw.js","scope":"/"},"screenshots":[{"src":"screenshot/1.png","sizes":"1080x2340","type":"image/png","form_factor":"narrow","label":"Home screen with trip categories"},{"src":"screenshot/2.png","sizes":"1080x2340","type":"image/png","form_factor":"narrow","label":"Trip booking form"},{"src":"screenshot/3.png","sizes":"1080x2340","type":"image/png","form_factor":"narrow","label":"Explore trips with filters"},{"src":"screenshot/4.png","sizes":"1080x2340","type":"image/png","form_factor":"narrow","label":"User dashboard and bookings"},{"src":"screenshot/5.png","sizes":"1080x2340","type":"image/png","form_factor":"narrow","label":"Sign in and sign up"},{"src":"screenshot/6.png","sizes":"1080x2340","type":"image/png","form_factor":"narrow","label":"Home screen with trip categories"},{"src":"screenshot/7.png","sizes":"1080x2340","type":"image/png","form_factor":"narrow","label":"Trip booking form"},{"src":"screenshot/8.png","sizes":"1080x2340","type":"image/png","form_factor":"narrow","label":"Explore trips with filters"},{"src":"screenshot/9.png","sizes":"1080x2340","type":"image/png","form_factor":"narrow","label":"User dashboard and bookings"},{"src":"screenshot/10.png","sizes":"1080x2340","type":"image/png","form_factor":"narrow","label":"Sign in and sign up"}]}